date,Open,High,Low,Close,Volume,SMA_20,EMA_20,MACD,RSI_14,Momentum_10,Bollinger_Upper,Bollinger_Lower,ATR_14,Volume_MA_20,OBV,Lag_1,Lag_5,Lag_10
2025-03-10,342.4806624108392,342.74857819949756,341.7405018957622,344.16509999999965,4659858.297636631,366.2975,360.48430842184104,-7.242009832677638,10.825276240477365,-21.730000000000018,405.5662195052111,327.0287804947889,7.862212593123952,2975387.5648818314,-17021623.0,342.18,344.99,363.91
2025-03-11,344.35426250586727,344.8134644058434,343.76057844678866,346.3847999999998,4882545.4543843465,364.26050999999995,359.1011497966316,-7.001876050141675,9.773936980861833,-18.784900000000334,403.23593655468414,325.28508344531576,7.497170290235155,3130935.437601049,-12361764.702363368,344.16509999999965,345.78,362.95
2025-03-12,346.20096373698055,346.5491175052697,345.74458883600516,348.43930000000006,4675081.463962448,362.1902349999999,358.08133553028574,-6.571892657186936,14.449161313302383,-11.965200000000209,399.75322886360124,324.6272411363986,7.256160594765224,3258620.7107991716,-7479219.247979022,346.3847999999998,348.26,358.35
2025-03-13,348.1412260546119,348.83110130734366,347.87688672735976,349.73960000000005,4741194.775436248,360.273425,357.3400781781951,-6.0296648901480125,27.754483345044534,-8.430699999999945,395.95432737653306,324.5925226234669,6.113617528673387,3383114.2495709835,-2804137.784016574,348.43930000000006,341.84,356.87
2025-03-14,349.53092168607304,350.2430193903291,349.16815432453336,350.6586000000003,4519475.714387161,358.34892,356.7282671045348,-5.487797365044116,30.593597288704686,1.2396000000000527,391.43320511204615,325.2646348879539,5.83600065427711,3439723.8352903416,1937056.991419674,349.73960000000005,342.18,348.5
2025-03-17,350.83149375064716,351.0632499590804,350.4837687703402,350.9979000000003,4606907.717680621,356.5278,356.2293917793864,-4.958404074756061,33.1479683765198,5.6686000000003105,386.6078779422982,326.4477220577018,5.47279078273507,3568833.221174373,6456532.705806835,350.6586000000003,344.16509999999965,344.99
2025-03-18,351.14245520389585,351.34473528415896,350.71281381523,350.7796000000003,4477252.2824702775,354.71666,355.7603912017578,-4.495651629555596,38.586495842939364,5.217900000000327,381.0583929620868,328.37492703791315,5.078642316229998,3607640.8352978863,11063440.423487455,350.9979000000003,346.3847999999998,345.78
2025-03-19,350.9298383408159,351.177570071864,350.4459111407059,350.88020000000034,4355169.617247789,352.73372500000005,355.2672197040847,-4.128365912853553,40.15969648738076,2.5196000000003096,373.1195130571503,332.3479369428498,4.684475097027006,3753488.866160276,6586188.141017177,350.7796000000003,348.43930000000006,348.26
2025-03-20,351.1423588935548,351.43012255998457,350.52198118791296,350.9251000000002,4424497.124348698,351.0407650000001,354.85807678442137,-3.7689922638728603,55.248094935199944,9.040200000000368,364.72074672209845,337.3607832779017,3.5546994807464096,3862093.872377711,10941357.758264966,350.88020000000034,349.73960000000005,341.84
2025-03-21,350.910772882512,351.17241135829846,350.44515388184584,350.93310000000025,4292065.85306604,350.37626500000005,354.4873765010978,-3.444588290529282,65.44657677788818,8.745100000000207,362.5620688309942,338.1904611690059,2.9652178719215954,3889112.915031013,15365854.882613664,350.9251000000002,350.6586000000003,342.18
2025-03-24,351.2955771691486,351.65447424523495,350.61497251124166,351.14730000000026,4481574.683623984,349.72782000000007,354.14956331958734,-3.152809705534878,63.98042285573198,6.7680000000005975,360.1311891956728,339.32445080432734,2.5223251386354013,3975401.299212212,19657920.735679705,350.93310000000025,350.9979000000003,344.16509999999965
2025-03-25,350.8430202451509,351.4814704577523,350.3754997692233,351.0223000000003,4450067.151610153,349.1483950000001,353.8820906224838,-2.8610866223110634,58.93132221648068,4.762500000000443,357.548011118415,340.7487788815852,2.2198944735303274,4100521.15679272,24139495.41930369,351.14730000000026,350.7796000000003,346.3847999999998
2025-03-26,350.65134355081557,351.3237403880081,350.352412062196,351.10710000000034,4534576.217935436,348.7757600000001,353.598958635762,-2.6285512679275485,96.52139535801427,2.583000000000254,356.0408186147235,341.5107013852767,1.76942506823119,4213872.367689492,19689428.267693534,351.0223000000003,350.88020000000034,348.43930000000006
2025-03-27,350.91741226190646,351.43450558634356,350.5734634083634,350.94350000000026,4337518.109903701,348.4918550000001,353.368945795168,-2.398105082355073,96.42905422990106,1.367500000000291,354.8064946733389,342.1772153266613,1.3323566523726325,4293976.673184676,24224004.48562897,351.10710000000034,350.9251000000002,349.73960000000005
2025-03-28,350.832834072205,351.3135087495753,350.5082366784014,351.1004000000003,4431975.649742068,348.60585000000015,353.1238539053788,-2.2167255513769533,93.49477666013121,0.2848999999999364,355.0020060648812,342.2096939351191,1.2166905071538079,4227156.10567178,19886486.37572527,350.94350000000026,350.93310000000025,350.6586000000003
2025-03-31,351.13491326915545,351.4460568765674,350.8593307795494,350.99590000000023,4613943.431315062,348.9192150000002,352.9446637375196,-2.019000821711586,91.15265101474236,0.10250000000002046,355.18136507847703,342.65706492152333,1.0711551174257263,4307299.227237533,24318462.025467336,351.1004000000003,351.14730000000026,350.9979000000003
2025-04-01,351.03383220266664,351.32976969819043,350.82674281273887,351.0076000000003,4458039.034072248,349.17478500000016,352.7500626559418,-1.8641844009150645,83.82282870997389,0.21629999999993288,355.31311443132535,343.03645556867497,0.9146062403869166,4372385.828941146,19704518.594152275,350.99590000000023,351.0223000000003,350.7796000000003
2025-04-02,351.0025039066184,351.3920954857988,350.6434204277675,351.0321000000003,4285069.378486856,349.31275000000016,352.5851219948317,-1.7138982394167783,75.45366907967278,0.12739999999996598,355.48842575454415,343.1370742454562,0.8350320822005577,4457713.947865488,24162557.628224522,351.0076000000003,351.10710000000034,350.88020000000034
2025-04-03,351.16940157777293,351.49971952706954,350.61838264053335,350.9763000000003,4222520.233797986,349.7735800000002,352.4393262492922,-1.5739968274505713,61.698928231667885,0.10700000000008458,354.88519003273314,344.6619699672673,0.7915243115626457,4495459.809555387,28447627.00671138,351.0321000000003,350.94350000000026,350.9251000000002
2025-04-04,351.12087443619583,351.49379296506135,350.6864306253902,351.0189000000004,4383820.466313646,350.2106050000002,352.295182252761,-1.4554050806166288,49.17733037135789,0.04320000000006985,353.8794660115403,346.54174398846015,0.8078015366291424,4491657.63287107,24225106.772913393,350.9763000000003,351.1004000000003,350.93310000000025
2025-04-07,350.9669935347162,351.2909369476569,350.6203190831601,350.99950000000035,4503222.089254922,350.5554250000003,352.17730231032124,-1.3367860962297868,60.52238075163793,-0.1283999999998855,352.8829181514398,348.2279318485608,0.8105655648839891,4483825.8224519845,28608927.239227038,351.0189000000004,350.99590000000023,351.14730000000026
2025-04-08,350.8930678757924,351.1699496261557,350.57681572621163,350.9888000000003,4674325.052085469,350.7851900000003,352.0634590063904,-1.2337768064224974,55.649208467572905,-0.022799999999961074,352.03851903211194,349.53186096788863,0.8006709197972717,4473414.80233704,24105705.149972115,350.99950000000035,351.0076000000003,351.0223000000003
2025-04-09,351.0057257108339,351.3665085177581,350.7585709209179,350.98910000000035,4470704.832231713,350.9121300000003,351.96018853412653,-1.1392807972206356,53.117352702711784,-0.11830000000003338,351.50559795630016,350.3186620437004,0.7792277929950282,4463195.970750504,19431380.097886644,350.9888000000003,351.0321000000003,351.10710000000034
2025-04-10,351.0778583483089,351.3616262956886,350.62612725286374,351.07990000000035,4288949.144868844,350.9746200000003,351.86772976216895,-1.0515556010517457,52.76134049442303,0.04560000000009268,351.19275269355353,350.75648730644707,0.7798164763073316,4440583.689222134,23902084.93011836,350.98910000000035,350.9763000000003,350.94350000000026
2025-04-11,351.4131225277214,351.789836327626,350.80686719615494,351.3091000000002,4178153.7254091366,351.00022500000034,351.80052239252933,-0.9584095627153602,46.216033407794434,-0.020499999999969987,351.1688048373942,350.8316451626065,0.7757784332700298,4423517.589773232,28191034.074987203,351.07990000000035,351.0189000000004,351.1004000000003
2025-04-14,351.1763386169298,351.6539665660275,350.80721772815986,351.1616000000003,4222225.831675805,351.02724500000033,351.77346991977146,-0.8485393162246737,64.41495687392585,0.3131999999999948,351.28057791160495,350.7739120883957,0.7572625867942203,4404283.495472992,32369187.800396338,351.3091000000002,350.99950000000035,350.99590000000023
2025-04-15,351.5431316986062,351.67263321736704,350.8284294804341,351.44560000000024,4264057.613878095,351.0389700000003,351.7024868435121,-0.7869779157562107,52.576831455245255,0.15399999999999636,351.2428410438568,350.8350989561438,0.7481822590171338,4393623.762043383,28146961.968720533,351.1616000000003,350.9888000000003,351.0076000000003
2025-04-16,351.5863771677584,351.92294838983594,351.0614029059456,351.3615000000002,4159562.9591952427,351.08144000000027,351.70249308517305,-0.6816557314620582,71.31335342695525,0.41349999999994225,351.38984917045065,350.7730308295499,0.7482182094392889,4383843.429140756,32411019.582598627,351.44560000000024,350.98910000000035,351.0321000000003
2025-04-17,351.37342102081686,351.5598395105364,351.0735493426688,351.29550000000023,4079516.2975573307,351.0990550000003,351.6627708412337,-0.6202878259532554,61.813409767990166,0.38519999999988386,351.40527431235665,350.79283568764396,0.7254337877745505,4366594.387801187,28251456.623403385,351.3615000000002,351.07990000000035,350.9763000000003
2025-04-21,351.0842260617374,351.51876064257846,350.78811435307614,351.1434000000003,4267875.9734832505,351.11387500000035,351.6221055910482,-0.5691278529170063,64.0446269485993,0.27659999999985985,351.41186085536407,350.8158891446366,0.7357138015234292,4365384.893822047,24171940.325846054,351.29550000000023,351.3091000000002,351.0189000000004
2025-04-22,351.0924134025228,351.3335938288303,350.8480851201593,351.1472000000003,4264782.965533141,351.1060750000003,351.563408459928,-0.5395894384327562,55.62551716756003,0.14389999999997372,351.3919534200489,350.82019657995176,0.734462503181963,4354545.3079175055,19904064.352362804,351.1434000000003,351.1616000000003,350.99950000000035
2025-04-23,350.85575096668487,351.2216784771497,350.5709210138026,351.37480000000033,4296787.751967715,351.11251000000027,351.5240969966242,-0.5004441851266961,54.85121742567939,0.1583999999999719,351.39622359835533,350.8287964016452,0.7274683892759494,4346881.337935383,24168847.317895945,351.1472000000003,351.44560000000024,350.9888000000003
2025-04-24,351.1215587070521,351.6336505996735,351.08994752014223,351.1237000000003,4270108.964664586,351.13727500000033,351.5294900264242,-0.43267369356755125,64.67123120138885,0.3856999999999857,351.46379960130935,350.8107503986913,0.7142889404077876,4333657.975271841,28465635.069863662,351.37480000000033,351.3615000000002,350.98910000000035
2025-04-25,351.02434730895953,351.4224890897718,350.75634585454543,351.26640000000026,4370851.308188105,351.1337300000003,351.46920662254706,-0.42356165006793844,53.34482270724563,0.04379999999997608,351.428451042767,350.8390089572336,0.7042018615188722,4335324.635186061,24195526.105199076,351.1237000000003,351.29550000000023,351.07990000000035
2025-04-28,351.11087184596516,351.56564419770876,351.04174980701595,351.26070000000027,4359316.9893877655,351.1491650000003,351.46218785123875,-0.3762659902207588,57.896916497686874,-0.042699999999967986,351.4541460090674,350.84418399093323,0.6937216133900149,4331691.702168346,28566377.41338718,351.26640000000026,351.1434000000003,351.3091000000002
2025-04-29,351.4052580412029,351.64020926114927,350.7694987474745,351.42020000000025,4542748.53013461,351.1621200000003,351.4425073756106,-0.3445034970723668,58.06872763192996,0.09909999999996444,351.4616294206359,350.8626105793647,0.7135485143707813,4328131.957109323,24207060.423999414,351.26070000000027,351.1472000000003,351.1616000000003
2025-04-30,351.22266194270355,351.669688092847,350.9390620784067,351.2732000000003,4597942.238183497,351.19072500000027,351.45412662782,-0.29307399839450454,61.68862813099034,-0.02539999999999054,351.5181886813886,350.86326131861193,0.7223119727707886,4335127.117314885,28749808.954134025,351.42020000000025,351.37480000000033,351.44560000000024
2025-05-01,351.43533198074647,351.710867232995,351.019955319246,351.42020000000025,4589363.261086287,351.19543000000033,351.42422885374197,-0.2798221536790493,55.08603864063371,-0.08829999999989013,351.50140386953655,350.8894561304641,0.7191271778367982,4350341.811444858,24151866.715950526,351.2732000000003,351.1237000000003,351.3615000000002
2025-05-02,351.32047537150606,351.6727956300943,351.21479854561505,351.49200000000025,4495552.563574652,351.22497500000026,351.43651182005226,-0.23661088629512506,53.05538708389363,0.12470000000001846,351.54094098000945,350.90900901999106,0.6816291744802397,4363993.427933691,28741229.97703681,351.42020000000025,351.26640000000026,351.29550000000023
2025-05-05,351.75504809104035,351.96467903674574,351.1457577732991,351.7410000000002,4461952.11030307,351.2522200000003,351.4479832566913,-0.1990993208134455,59.48117491234163,0.3485999999999194,351.5835309755552,350.9209090244454,0.6796414905930216,4367900.010133162,33236782.540611465,351.49200000000025,351.26070000000027,351.1434000000003
2025-05-06,351.5809972612807,352.1658061987587,351.396918180432,351.30070000000023,4573496.020789492,351.30174500000027,351.49734539550985,-0.1370098105955435,58.65057934806923,0.5937999999999306,351.71945517136317,350.88403482863737,0.674261796406861,4371413.70670989,37698734.650914535,351.7410000000002,351.42020000000025,351.1472000000003
2025-05-07,351.31648450997665,351.55420646452194,350.93039993430733,351.48200000000026,4416793.956391828,351.2953250000003,351.44067758006446,-0.16393359837576327,48.52684595882195,-0.07410000000010086,351.63158518043235,350.9590648195682,0.6641531697465796,4358537.151925208,33125238.630125042,351.30070000000023,351.2732000000003,351.37480000000033
2025-05-08,351.35574344406945,351.72292773593915,351.15350795997045,351.5221000000002,4214549.304897302,351.32903500000026,351.460235270852,-0.13044726334953793,54.279682059794894,0.3582999999999288,351.6502996082645,351.007770391736,0.6700909988966585,4345729.375558488,37542032.58651687,351.48200000000026,351.42020000000025,351.1237000000003
2025-05-09,351.74674461042093,352.1031631459018,351.1781723595385,351.7711000000002,4013901.385153833,351.35315000000026,351.46958247861664,-0.10833968869275168,59.161062059964834,0.2556999999999334,351.6669393997022,351.0393606002983,0.6839727486724436,4331976.987572737,41756581.89141417,351.5221000000002,351.49200000000025,351.26640000000026
2025-05-12,351.4748066338714,352.1609035718361,351.1565606331987,351.3308000000002,4062666.7667316874,351.38870000000026,351.51975421534706,-0.057312066592828614,63.49206310761261,0.5103999999999473,351.7890437575479,350.9883562424526,0.7210323365271856,4326202.639638865,45770483.276568,351.7711000000002,351.7410000000002,351.26070000000027
2025-05-13,351.17811536383203,351.6071356844412,350.86627335186625,351.32140000000027,3861075.0402532755,351.37514500000026,351.4638188932505,-0.09398933764964568,49.12864358055731,-0.08940000000006876,351.72049995987874,351.0297900401218,0.716531146982699,4308145.100067738,41707816.509836316,351.3308000000002,351.30070000000023,351.42020000000025
2025-05-14,351.1183286069606,351.4634406959773,350.87208553000215,351.3054000000003,3825008.5466879187,351.3684650000003,351.4494452118072,-0.09562739962518663,54.32963919205624,0.048199999999951615,351.7131958471031,351.0237341528975,0.7199348674429749,4286192.64670823,37846741.46958304,351.32140000000027,351.48200000000026,351.2732000000003
2025-05-15,351.4266601213452,351.63543880006347,350.9321705975543,351.4706000000002,3725737.344313215,351.36486000000025,351.4343479353993,-0.09748560512713311,50.904284588825135,-0.11479999999994561,351.7112451789664,351.0184748210341,0.7225866508203183,4264501.365964128,34021732.922895126,351.3054000000003,351.5221000000002,351.42020000000025
2025-05-16,351.3120421986788,351.65573835090277,350.86172124783354,351.5221000000002,3639434.588128131,351.3818750000002,351.45203543361526,-0.07359849603807334,54.53171520210509,-0.021400000000028285,351.73075084203396,351.03299915796646,0.7418811302757758,4242497.280492669,37747470.26720834,351.4706000000002,351.7711000000002,351.49200000000025
2025-05-19,351.3093316901838,351.86798093376075,350.98948028200226,351.52050000000025,3673819.56953425,351.40338500000024,351.4631458911848,-0.05707189750933139,52.307622296159884,-0.2189000000000192,351.74163847875786,351.0651315212426,0.7424375687103252,4212794.460295218,41386904.85533647,351.5221000000002,351.3308000000002,351.7410000000002
2025-05-20,351.5301905131228,351.68910324807837,351.1956553489556,351.4806000000002,3753093.0076121814,351.4219700000002,351.4684703187817,-0.046902577630930864,55.99515113506289,0.21980000000002065,351.7412695696128,351.1026704303876,0.7254962747590729,4187209.96239917,37713085.28580222,351.52050000000025,351.32140000000027,351.30070000000023
2025-05-21,351.43587895214273,351.6332635647987,351.1903544596064,351.4806000000002,3718782.6259488882,351.4252650000002,351.4661874312787,-0.043919185083836965,51.544440666040806,-0.0014000000000464752,351.742820686119,351.1077093138814,0.7077817884335948,4158309.7060982287,33959992.27819004,351.4806000000002,351.3054000000003,351.48200000000026
2025-05-22,351.68325466920174,351.8662590756803,351.14651647329646,351.4790000000002,3877333.746926478,351.4431100000003,351.4675600568712,-0.03859729693130021,49.6973876110823,-0.04149999999998499,351.72771472977024,351.1585052702303,0.726477896855353,4138670.9452113234,33959992.27819004,351.4806000000002,351.4706000000002,351.5221000000002
2025-05-23,351.7792746801504,352.1410258490784,351.1733404857556,351.7611000000002,3947530.5048425277,351.45366000000024,351.4685117067837,-0.03421323513123298,41.99364344950919,-0.2921000000000049,351.7260635350207,351.18125646497975,0.7371039039893665,4117504.9050440444,30082658.53126356,351.4790000000002,351.5221000000002,351.7711000000002
2025-05-27,351.72672398177406,351.95578312788723,351.2567311926026,351.91930000000025,3897459.1499326825,351.49278500000025,351.52068519502654,0.009464137014731477,65.57510086735564,0.4303000000000452,351.8083513998811,351.17721860011943,0.7252428851698076,4094412.01307129,34030189.03610609,351.7611000000002,351.52050000000025,351.3308000000002
2025-05-28,351.93705367040553,352.23981041550724,351.6678629702463,351.89020000000016,3917010.5368826073,351.5256500000002,351.5722802558177,0.04829822536981965,65.02852367145756,0.5978999999999814,351.9198131054288,351.13148689457165,0.7215386648159746,4063125.113408691,37927648.18603877,351.91930000000025,351.4806000000002,351.32140000000027
2025-05-29,351.7389844082594,352.2206434437979,351.5979863747058,351.7711000000002,3944204.495411629,351.5550450000002,351.600050843699,0.06421111402607949,62.74672700432525,0.5847999999998592,351.9570930174218,351.15299698257854,0.7253413286105034,4030438.226270097,34010637.64915616,351.89020000000016,351.4806000000002,351.3054000000003
2025-05-30,351.7059961502832,352.0751967104438,351.29937363907953,351.3308000000002,3975349.0138952383,351.56663500000025,351.60607865450316,0.06096563362160623,49.999999467275494,0.30049999999999955,351.9581135214209,351.1751564785796,0.7146864918248558,3999737.513910544,30066433.153744534,351.7711000000002,351.4790000000002,351.4706000000002
2025-06-02,351.38723544003017,351.73155597320533,351.1103541390423,351.4706000000002,3935593.420701017,351.5365600000002,351.5419219572489,0.003054899396943256,49.999999467275494,-0.19130000000001246,351.94015781126785,351.1329621887325,0.687319270076687,3971739.5567668625,26091084.139849294,351.3308000000002,351.7611000000002,351.5221000000002
2025-06-03,351.53027354343965,351.8665517857088,351.1212734172011,351.4790000000002,4006702.0647675074,351.53003000000024,351.54717564839535,0.004824406837769857,55.16477376605569,-0.04990000000003647,351.9132157875581,351.1468442124424,0.6876347012147416,3948977.0544900843,30026677.56055031,351.4706000000002,351.91930000000025,351.52050000000025
2025-06-04,351.8071368072508,352.07601814979876,351.2003114346448,351.7711000000002,3942903.945522785,351.5393650000002,351.54140653902436,-0.0013778052147586095,56.04120212654409,-0.001599999999996271,351.9078012418558,351.1709287581446,0.7079455261560871,3917447.450726749,34033379.62531782,351.4790000000002,351.89020000000016,351.4806000000002
2025-06-05,351.137893439836,352.2331043251746,350.7480198269566,351.1556000000003,3952468.613931497,351.5684250000002,351.5884517212488,0.03447101464098523,59.60862004571104,0.29050000000000864,351.9600122901238,351.1768377098766,0.7637895472781508,3894231.183603733,37976283.570840605,351.7711000000002,351.7711000000002,351.4806000000002
2025-06-06,351.1119790768068,351.5100788528355,350.7975322786872,351.27180000000027,3827710.0489088176,351.5193250000002,351.49419146661745,-0.04291909791936632,41.387413366819054,-0.3233999999999355,351.97302962858237,351.06562037141805,0.7579702237837986,3874889.2208043085,34023814.956909105,351.1556000000003,351.3308000000002,351.4790000000002
2025-06-09,351.22465787683757,351.5347215528257,350.8969062907537,351.2358000000003,3954847.3048363905,351.50017000000025,351.48302402535234,-0.04825872945957599,44.45435462589324,-0.48929999999995744,351.9347998902179,351.0655401097826,0.7407784102347656,3871936.5167884366,37851525.00581792,351.27180000000027,351.4706000000002,351.7611000000002
2025-06-10,351.6255346167774,352.01649885472517,350.8671641435645,351.2352000000002,4014660.3870139467,351.49362000000025,351.4563768392644,-0.06422465603918681,44.53180815607601,-0.6834999999999241,351.94209714533946,351.04514285466104,0.7876274682374742,3869536.1978025488,33896677.70098153,351.2358000000003,351.4790000000002,351.91930000000025
2025-06-11,351.23562948414093,351.62758233386165,350.9218801010086,351.42650000000026,3890584.4121384397,351.48928000000024,351.43526067770176,-0.07383933066483905,44.51987466579798,-0.6549999999999727,351.94637149423545,351.032188505765,0.8063984059275283,3871011.666396807,29882017.31396758,351.2352000000002,351.7711000000002,351.89020000000016
2025-06-12,351.55877973423907,351.74786959415184,351.1298492379773,351.4806000000002,3975734.567844696,351.50490000000025,351.4509102276713,-0.053484114350396794,48.91917458522427,-0.34459999999995716,351.93947528691484,351.07032471308565,0.7991325311982921,3878547.9674546467,33772601.72610602,351.42650000000026,351.1556000000003,351.7711000000002
2025-06-13,351.43940196620497,351.78009573866393,351.04565389899574,351.3961000000002,3874878.969593873,351.5081050000002,351.4583995030405,-0.04122919112819545,43.62702748635512,0.14980000000002747,351.94114005862355,351.0750699413769,0.7824722795086773,3886005.0487186788,37748336.293950714,351.4806000000002,351.27180000000027,351.3308000000002
2025-06-16,351.77578979150593,352.03477878158543,351.1073596038364,351.7384000000002,3936995.9811707134,351.49758000000026,351.4451850378983,-0.04646759919046417,37.70098705791544,-0.07450000000000045,351.9359116005003,351.05924839950023,0.7987842253989916,3900883.1183708077,33873457.32435684,351.3961000000002,351.2358000000003,351.4706000000002
2025-06-17,351.8013549814272,351.9232837551496,351.42137485030725,351.83370000000025,3760362.244441357,351.5255900000002,351.50260551047944,0.003573870922309652,46.889598944163026,0.259399999999971,351.9849059990077,351.0662740009927,0.7937814725119503,3905210.2521161637,37810453.30552755,351.7384000000002,351.2352000000002,351.4790000000002
2025-06-18,351.80129431340316,352.2725859606594,351.515687589295,351.7711000000002,3660010.949710618,351.54801000000026,351.54235011038844,0.03482619442269197,51.29531504795027,0.06260000000003174,352.0367487329134,351.0592712670871,0.8033701369599717,3900556.149221086,41570815.54996891,351.83370000000025,351.42650000000026,351.7711000000002
2025-06-19,351.53808588336796,352.15690382502174,351.3400727344515,351.3308000000002,3573679.1252803886,351.55940500000025,351.5587417098526,0.044121967069486345,60.79854767686312,0.6154999999999404,352.0504596865218,351.06835031347873,0.806299281188972,3893300.97418766,37910804.6002583,351.7711000000002,351.4806000000002,351.1556000000003
2025-06-20,351.1519150088481,351.4498002186201,350.64677700817214,351.19560000000024,3601104.629229889,351.52998000000025,351.49909329304126,-0.0073817841428649444,47.01179862424476,0.058999999999912234,352.0286759820607,351.0312840179398,0.8199488605272742,3879489.518302831,34337125.47497791,351.3308000000002,351.3961000000002,351.27180000000027
2025-06-23,351.4404902173069,351.8426685288135,350.81998973219993,351.3845000000002,3478976.5626344364,351.49494500000026,351.4585392832731,-0.039250752767145514,44.25385214130083,-0.040200000000083946,352.0155308662146,350.9743591337859,0.8397631768205501,3856061.821192426,30736020.845748022,351.19560000000024,351.7384000000002,351.2358000000003
2025-06-24,351.46100896578156,351.7726441791902,351.16516279557175,351.4591000000002,3585475.3721301663,351.4776500000002,351.46776502046714,-0.02864265170012459,41.81902802375629,0.14929999999998245,351.94467306265295,351.01062693734747,0.8206042245680132,3840462.6323023005,34214997.40838246,351.3845000000002,351.83370000000025,351.2352000000002
2025-06-25,351.6392154902476,351.961673514411,351.21008621980485,351.3308000000002,3598367.0932417684,351.45982500000025,351.47336789833645,-0.021264178441697368,58.32921630352198,0.03259999999994534,351.88321588260237,351.03643411739813,0.7682115671671649,3824530.4601202584,37800472.78051262,351.4591000000002,351.7711000000002,351.42650000000026
2025-06-26,351.9851068386993,352.2606156128913,350.9963993100879,351.8838000000002,3574066.943018978,351.43139500000024,351.4487346744586,-0.03802687593105247,51.60850560385841,-0.14980000000002747,351.83446772152706,351.0283222784734,0.8076165477853863,3806023.5825006263,34202105.68727086,351.3308000000002,351.3308000000002,351.4806000000002
2025-06-27,351.7019818337294,352.0002958021109,351.4238202838397,351.3308000000002,3591236.436677718,351.48669500000017,351.53782026101817,0.035419072443914956,63.781369250128115,0.48769999999996116,351.96784739942325,351.0055426005771,0.8032351375138985,3786817.9536397504,37776172.63028984,351.8838000000002,351.19560000000024,351.3961000000002
2025-06-30,351.2402509400252,351.54581079125967,351.04737431258656,351.5121000000002,3762075.182340946,351.45205500000026,351.4704532520323,-0.02012015991590488,51.64634541466923,-0.4076000000000022,351.90309303772057,351.00101696227995,0.7633867126104649,3778142.0417217473,34184936.19361212,351.3308000000002,351.3845000000002,351.7384000000002
2025-07-01,351.5885964172283,351.8819812251851,351.2574771101277,351.4790000000002,3888697.226126201,351.46277500000025,351.4900418312038,-0.003241991468598826,51.47922834011472,-0.3216000000000463,351.91135201503556,351.01419798496494,0.7575868470536307,3772241.799789681,37947011.37595306,351.5121000000002,351.4591000000002,351.83370000000025
2025-07-02,351.35703211990057,351.78979414756856,351.1141210059392,351.52050000000025,4040390.575728461,351.4465150000002,351.48613807403706,-0.005984518268064676,49.972148482241366,-0.2921000000000049,351.8704173833722,351.0226126166282,0.7617049031575464,3777116.131299965,34058314.14982686,351.4790000000002,351.3308000000002,351.7711000000002
2025-07-03,351.7887017678846,352.2466978582276,351.27746977678396,351.7711000000002,4074598.259887902,351.46683500000023,351.4929866021333,-0.00013292237423456754,52.19834568078916,0.18970000000007303,351.86960058298746,351.064069417013,0.7784753489986501,3783222.613597785,38098704.72555532,351.52050000000025,351.8838000000002,351.3308000000002
2025-07-07,351.8477556999616,352.0513282020209,351.41471529576137,351.7711000000002,4096720.8647473776,351.5043300000002,351.5410672432,0.03727298844796678,50.59721638296403,0.5754999999999768,351.93637869169703,351.0722813083034,0.7577034724636869,3796673.154389713,42173302.98544323,351.7711000000002,351.3308000000002,351.19560000000024
2025-07-08,351.9380450773113,352.099133385853,351.55714581443067,351.89020000000016,3974881.7933421885,351.53109500000016,351.56297512480006,0.05049807000392548,48.81547052550024,0.386600000000044,351.95940733303354,351.1027826669668,0.7605662343622563,3797674.8788150027,42173302.98544323,351.7711000000002,351.5121000000002,351.3845000000002
2025-07-09,351.68738098193967,352.1003216257375,351.3460755758575,351.3308000000002,3843341.521351424,351.5698000000002,351.6044019836626,0.07711507359226744,52.20645421064402,0.4310999999999581,352.0179985978949,351.1216014021055,0.760376782827653,3789108.935531877,46148184.778785415,351.89020000000016,351.4790000000002,351.4591000000002
2025-07-10,351.49518879764497,351.84908571102187,351.00622075397393,351.4690000000002,3885327.3603128497,351.53704500000015,351.53014238431155,0.010593271601408105,49.99999975159688,0.0,351.97804447952853,351.09604552047176,0.7626651191050614,3788846.082940598,42304843.25743399,351.3308000000002,351.52050000000025,351.3308000000002
2025-07-11,351.23277128706025,351.7970765695874,350.85364799489935,351.52050000000025,3841301.11608994,351.5433750000002,351.53622769011406,0.012837615999899299,54.845799089740524,-0.414799999999957,351.9753882545447,351.11136174545567,0.7726940736936366,3782124.4103528596,46190170.61774684,351.4690000000002,351.7711000000002,351.8838000000002
2025-07-14,351.7994418441699,352.0561589959157,351.1615782152011,351.7711000000002,3862126.203780637,351.5521700000002,351.5391674565885,0.01309295445440739,52.53390939951152,0.18970000000007303,351.9773749219862,351.1269650780142,0.7635442154151438,3781486.7720621983,50031471.73383678,351.52050000000025,351.7711000000002,351.3308000000002
2025-07-15,351.89093491069355,352.12444516400353,351.55816675504786,351.7711000000002,3759213.8990030335,351.5663350000002,351.5828499210404,0.045343179321093885,55.4553081632488,0.25900000000001455,352.00522342017706,351.12744657982336,0.7606011457963737,3772597.6679538144,53893597.93761741,351.7711000000002,351.89020000000016,351.5121000000002
2025-07-16,351.97445379355247,352.21990888108564,351.71672330988065,351.89020000000016,3871136.066765104,351.56320500000027,351.60077849998896,0.05443487669163005,58.060264045384365,0.2921000000000049,351.99489889483664,351.1315111051639,0.7428581655534329,3778136.3590700016,53893597.93761741,351.7711000000002,351.3308000000002,351.4790000000002
2025-07-17,351.69778783562185,352.31498676882205,351.33183906087163,351.3308000000002,4042222.414800614,351.5751150000002,351.638605037405,0.07777058521537583,50.13928758511763,0.3696999999999093,352.0361851568916,351.11404484310884,0.7227818373496494,3797246.932324501,57764734.00438252,351.89020000000016,351.4690000000002,351.52050000000025
2025-07-18,351.28219620981463,351.6424803997621,350.85998298966007,351.5121000000002,3852615.1030462687,351.5471450000002,351.5610880043642,0.008661223254080141,49.999999696154184,-0.4403000000000361,351.9954275400139,351.09886245998655,0.7309275994112779,3811193.7312127957,53722511.58958191,351.3308000000002,351.52050000000025,351.7711000000002
2025-07-21,351.4839175790115,351.65291276131256,351.06541175217376,351.4806000000002,3850930.4638159946,351.57203500000026,351.57204470236127,0.014997626179820145,49.999999696154184,-0.25900000000001455,351.97576077600104,351.1683092239995,0.7372893515873987,3823685.0229421007,57575126.692628175,351.5121000000002,351.7711000000002,351.7711000000002
2025-07-22,351.46332446918024,351.7494813230949,351.01664212014947,351.4806000000002,3719371.5087301345,351.5752650000002,351.5606213973745,0.004009658022937401,50.03474906589928,-0.4095999999999549,351.97314738555366,351.1773826144467,0.7450275721508319,3835704.7702468857,53724196.22881218,351.4806000000002,351.7711000000002,351.89020000000016
2025-07-23,351.1270631368273,351.71271422585863,350.9138312727377,351.3032000000003,3869253.7032159925,351.5763400000002,351.5530003119103,-0.0026764040914031284,49.11752966441907,0.14980000000002747,351.9730152371733,351.1796647628271,0.7538282729716579,3849893.6868011765,53724196.22881218,351.4806000000002,351.89020000000016,351.3308000000002
2025-07-24,350.9579058555096,351.6486316183372,350.84673845433184,351.25720000000024,3767567.914410445,351.5660900000002,351.51392363821367,-0.0329586095882064,39.30514260559073,-0.16579999999993333,351.98286257157605,351.14931742842435,0.7418757788689244,3858353.72785961,49854942.52559619,351.3032000000003,351.3308000000002,351.4690000000002
2025-07-25,351.10977835919107,351.49868176071624,350.6866463363575,351.22950000000026,3737739.317647178,351.53246000000024,351.4855100490867,-0.05172429546138346,38.49563441283224,-0.2633000000000152,351.94876650853644,351.11615349146405,0.7544059587331527,3866537.346591021,46087374.611185744,351.25720000000024,351.5121000000002,351.52050000000025
2025-07-28,351.41335652235045,351.62480454643014,350.9945693084121,351.4663000000002,3557952.4691044153,351.5260100000002,351.4587412915774,-0.06687794775479006,34.578217410909076,-0.5415999999999599,351.9587565328357,351.0932634671647,0.7607093634899879,3864873.1482123556,42349635.29353856,351.22950000000026,351.4806000000002,351.7711000000002
2025-07-29,351.4370066216935,351.7265589433115,351.24858339008836,351.4806000000002,3630722.8127159555,351.5355600000002,351.47986570371745,-0.042786183276746215,53.72355001257076,-0.3048000000000002,351.9476727255053,351.1234472744951,0.7398846440246903,3858305.529731106,45907587.76264298,351.4663000000002,351.4806000000002,351.7711000000002
2025-07-30,351.37891439895685,351.7693748027902,350.96900912072056,351.4806000000002,3697598.86022457,351.5363550000002,351.48116783624323,-0.03620030677683417,50.342061391372106,-0.4095999999999549,351.9479648943842,351.12474510561617,0.7368489815262406,3848750.6114360243,49538310.575358935,351.4806000000002,351.3032000000003,351.89020000000016
